1515478161000,15150.4
1515485361000,15318.9
1515492562000,15064.3
1515499762000,14982.5
1515506962000,14432
1515514161000,14869.7
1515521361000,15109.7
1515528561000,14898.1
1515535762000,14709.9
1515542961000,14661.4
1515550162000,14403
1515557361000,14299.6
1515564562000,14406.2
1515571762000,14298.5
1515578960000,14014.2
1515586161000,14242
1515593362000,14038.5
1515600561000,14681.5
1515607762000,14746.7
1515614964000,14527.1
1515622162000,14649.7
1515629362000,15018.8
1515636562000,14662.5
1515643762000,13428.7
1515650965000,13384.7
1515658162000,13800.3
1515665363000,13732
1515672563000,13666.1
1515679763000,13894.9
1515686964000,14125
1515694163000,13871.1
1515701363000,13578.8
1515708563000,13637.2
1515715763000,13405.4
1515722961000,13569.2
1515730162000,13829.8
1515737363000,13823.7
1515744562000,13811.6
1515751762000,13752.9
1515758962000,14084.4
1515766163000,14086.9
1515773362000,13823.2
1515780563000,13741.4
1515787762000,13931.6
1515794963000,13878.5
1515802162000,13989.6
1515809362000,14283.8
1515816562000,14261.8
1515823763000,14303.8
1515830963000,14458.6
1515838161000,14340.4
1515845361000,14363.7
1515852562000,14659.5
1515859763000,14445
1515866962000,14416.5
1515874162000,14318
1515881362000,14380
1515888562000,14369.7
1515895761000,14475
1515902961000,14409.6
1515910161000,13995.4
1515917362000,13946.5
1515924561000,13748.8
1515931761000,13657.2
1515938961000,13742.1
1515946162000,13300.9
1515953361000,13647.2
1515960563000,13507.9
1515967763000,13586.2
1515974962000,13762.9
1515982162000,13840.7
1515989363000,13737.1
1515996562000,13818.1
1516003762000,13796.6
1516010962000,13845.2
1516018162000,13905.8
1516025362000,14393.3
1516032563000,14252.9
1516040362000,14186.4
1516047563000,14209.5
1516054763000,14154
1516061962000,13750.4
1516069163000,13281.3
1516076363000,13170.1
1516083561000,13268.8
1516090764000,12417.5
1516097964000,11870.5
1516105163000,12361.5
1516112361000,11825.7
1516119563000,12158.8
1516126764000,11288.5
1516133965000,11627.2
1516141164000,10542.1
1516148364000,11664.5
1516155565000,11332.7
1516162765000,10690.3
1516169964000,11186.7
1516177163000,10903.3
1516184362000,10333.8
1516191564000,10270.8
1516198766000,10022.2
1516205965000,9891.48
1516213164000,10040.1
1516220365000,10769.1
1516227565000,11636
1516234763000,11193
1516241966000,11747
1516249165000,11675.7
1516256360000,11413.8
1516263563000,11088.2
1516270764000,11384.7
1516277965000,11828.8
1516285164000,11746
1516292364000,11895.6
1516299565000,11627.5
1516306764000,11828.8
1516313961000,11508.6
1516321164000,11490.1
1516328365000,11612.3
1516335564000,11305.2
1516342764000,11547
1516349965000,11630.4
1516357164000,11736.8
1516364364000,11966.7
1516371563000,11882.8
1516378764000,11800.8
1516385965000,11469.9
1516393164000,11411.5
1516400363000,11468.8
1516407561000,11750.8
1516414763000,11867.5
1516421962000,11862.7
1516429165000,12718.7
1516436366000,12686.7
1516443559000,12685.3
1516450766000,12520.5
1516457964000,12741.5
1516465166000,12763.2
1516472364000,12971.2
1516479563000,12853.4
1516486763000,13069.9
1516493961000,12854.5
1516501163000,12728.5
1516508363000,12565
1516515562000,12254.6
1516522760000,11989.6
1516529962000,11894.3
1516537165000,12283.4
1516544366000,12145.8
1516551568000,11484.1
1516558763000,11511.4
1516565966000,11454.7
1516573167000,11475.4
1516580366000,11768.7
1516587564000,11489.8
1516594765000,11784.6
1516601965000,11648
1516609163000,11966.4
1516616361000,11826.2
1516623559000,11493.8
1516630760000,10828.4
1516637960000,10554.2
1516645160000,10621.9
1516652360000,10684.7
1516659559000,10560.3
1516666762000,10953.4
1516673961000,10822.9
1516681161000,10983.8
1516688362000,10602.3
1516695560000,10518.6
1516702761000,10639
1516709962000,10253.2
1516717162000,10407.4
1516724362000,10988.3
1516731566000,11359.2
1516738766000,10985.6
1516745967000,11170.7
1516753165000,10886.9
1516760366000,10727.3
1516767566000,10707.4
1516774764000,10775.8
1516781966000,11059.8
1516789166000,11143.3
1516796366000,11146.5
1516803566000,11422.6
1516810764000,11145.1
1516817966000,11237.5
1516825168000,11310
1516832360000,11289.6
1516839567000,11435.5
1516846765000,11529.1
1516853968000,11785.7
1516861164000,11629.5
1516868362000,11465.1
1516875566000,11432.6
1516882767000,11227.6
1516889967000,11313.2
1516897166000,11130.5
1516904364000,11271.4
1516911567000,11363.4
1516918767000,11378.8
1516925966000,11252.4
1516933159000,11560.3
1516940364000,11590.3
1516947566000,11415
1516954767000,10939.5
1516961967000,10600.9
1516969165000,10542.5
1516976367000,10719
1516983568000,11240.8
1516990766000,11139.4
1516997968000,11045.5
1517005168000,10972.2
1517012367000,11196.5
1517019564000,11027.1
1517026767000,11162
1517033967000,11312.2
1517041163000,11304.4
1517048367000,11302.4
1517055567000,11048.8
1517062764000,11074.1
1517069964000,11449.2
1517077167000,11459
1517084367000,11614.9
1517091567000,11580.1
1517098763000,11506.6
1517105965000,11546.3
1517113167000,11592.3
1517120364000,11885
1517127562000,11891.3
1517134762000,11862.1
1517141966000,11922.6
1517149167000,11695.7
1517156367000,11710.3
1517163568000,11745.6
1517170768000,11765.1
1517177967000,11862.5
1517185166000,11789
1517192367000,11471.3
1517199566000,11559.8
1517206767000,11491.3
1517213965000,11271.2
1517221168000,11389.1
1517228366000,11230.3
1517235567000,11356.4
1517242767000,11357.8
1517249963000,11339.8
1517257168000,11313
1517264365000,11321.4
1517271564000,11275.7
1517278764000,11088.5
1517285966000,11113.4
1517293168000,11096.5
1517300368000,11126
1517307565000,10956.2
1517314767000,11082.3
1517321968000,10651
1517329168000,10496.4
1517336368000,10124.9
1517343568000,10310
1517350768000,10351.1
1517357969000,10105.5
1517365168000,10012.5
1517372367000,9976.91
1517379569000,10083.8
1517386768000,10293.3
1517393967000,10206.6
1517401164000,10311.8
1517408368000,10204.3
1517415561000,9943.49
1517422768000,10083.6
1517429968000,10127.1
1517437168000,10128.4
1517444368000,10271.8
1517451568000,10252.1
1517458769000,10083
1517465967000,10220.5
1517473167000,10044.8
1517480364000,9601.32
1517487568000,9587.52
1517494760000,9356.13
1517501969000,9267.46
1517509170000,9135.87
1517516367000,8836.16
1517523568000,9239.31
1517530769000,9017.71
1517537967000,8777.08
1517545169000,8764.33
1517552369000,8622.01
1517559569000,8421.6
1517566768000,8269.39
1517573969000,8005.69
1517581170000,8908.56
1517588368000,8949.43
1517595568000,8741.16
1517602767000,8722.32
1517609968000,8660
1517617163000,8777.56
1517624370000,8631.33
1517631569000,8285.93
1517638765000,8459.58
1517645969000,8600.92
1517653169000,8820.61
1517660369000,8989.83
1517667569000,9289
1517674770000,9115.99
1517681970000,9181.87
1517689168000,9382.19
1517696369000,9091.89
1517703569000,9181.6
1517710768000,8997.45
1517717968000,9153.56
1517725170000,9318.29
1517732369000,9165.79
1517739570000,8814.94
1517746770000,8653.4
1517753970000,8847.17
1517761168000,8485.64
1517768370000,8573.55
1517775569000,8123.18
1517782772000,8208.82
1517789971000,8362
1517797170000,8103.9
1517804371000,8102.38
1517811570000,8322.7
1517818770000,7971.73
1517825969000,7915.73
1517833170000,7695.27
1517840366000,7563.6
1517847569000,7492.9
1517854770000,7090.87
1517861969000,6963.17
1517869169000,7277.38
1517876367000,7079.3
1517883570000,6507.91
1517892564000,6172.77
1517900069000,6177.71
1517907262000,6116.37
1517914469000,6471.97
1517921668000,6712.1
1517928864000,7045.25
1517936061000,7091.05
1517943263000,7166.57
1517950462000,7619.99
1517957665000,7584.1
1517964863000,7642.47
1517972064000,7420.07
1517979262000,7496.88
1517986464000,7434.98
1517993662000,7663.51
1518000864000,8179.38
1518008062000,8280.33
1518015265000,8205.96
1518022462000,8059.12
1518029665000,8293.17
1518036864000,8195.15
1518044064000,7841.6
1518051265000,7797.88
1518058467000,8104.78
1518065664000,8160.74
1518072861000,8006.25
1518080064000,8220.35
1518087263000,8469.75
1518094464000,8553.36
1518101664000,8431.62
1518108870000,8255.56
1518116069000,8193.55
1518123269000,8314.42
1518130468000,8288.45
1518137667000,7994.08
1518144867000,8130.51
1518152066000,7975.77
1518159264000,8006.56
1518166466000,8050.6
1518173668000,8283.71
1518180868000,8266.67
1518188066000,8478.57
1518195268000,8429.72
1518202467000,8625.52
1518209667000,8607.96
1518216865000,8606.13
1518224066000,8940.97
1518231268000,8980.59
1518238468000,8930.14
1518245667000,9050.23
1518252867000,8773.58
1518260067000,8628.89
1518267268000,8704.93
1518274467000,8689.79
1518281667000,8370.76
1518288866000,8439.27
1518296066000,8416.39
1518303266000,8562.07
1518310467000,8440.22
1518317667000,8302.47
1518324868000,8096.07
1518332067000,8074.45
1518339266000,7954.18
1518346467000,8081.85
1518353666000,8367.17
1518360866000,8436.53
1518368067000,8349.32
1518375265000,8323.23
1518382466000,8316.75
1518389666000,8354.59
1518396867000,8245.35
1518404066000,8523.44
1518411266000,8548.82
1518418467000,8473.91
1518425666000,8817.47
1518432865000,8847.71
1518440067000,8789.08
1518447267000,8586.42
1518454465000,8751.54
1518461667000,8696.6
1518468866000,8921.62
1518476067000,8836.69
1518483264000,8928.19
1518490469000,8745.63
1518497667000,8649.11
1518504867000,8727.72
1518512066000,8572.85
1518519266000,8561.81
1518526466000,8631.11
1518533667000,8691.29
1518540867000,8583.04
1518548067000,8683.7
1518555266000,8744.82
1518562466000,8608.53
1518569667000,8666.87
1518576865000,8770.81
1518584068000,8843.18
1518591266000,8854.64
1518598467000,8896.91
1518605667000,8871.7
1518612866000,9191.78
1518620066000,9238.06
1518627268000,9288.41
1518634468000,9303.92
1518641667000,9320.38
1518648868000,9421.44
1518656067000,9403.09
1518663268000,9657.04
1518670468000,9796.33
1518677668000,9757.36
1518684866000,9903.22
1518692067000,9688.3
1518699267000,9766.18
1518706466000,9880.4
1518713666000,9893.59
1518720866000,10101.7
1518728067000,10137.3
1518735267000,10129.6
1518742467000,10229
1518749667000,10258
1518756865000,10057.5
1518764067000,10011.9
1518771266000,10020.8
1518778468000,9905.39
1518785666000,9906.7
1518792866000,10112.6
1518800066000,10175
1518807267000,10007.9
1518814467000,10056.5
1518821666000,10211.5
1518828867000,10219.9
1518836067000,10448.7
1518843268000,10568
1518850468000,10739.1
1518857667000,10897.6
1518864867000,10764.1
1518872067000,10897.3
1518879266000,10708
1518886467000,10878.2
1518893666000,10835.5
1518900866000,10838.8
1518908067000,11007.2
1518915267000,11147.2
1518922466000,11321.6
1518929665000,11027.6
1518936867000,10667.8
1518944065000,10557
1518951266000,10561.5
1518958466000,10673.5
1518965665000,10858.5
1518972867000,10661.7
1518980066000,10878.2
1518987267000,10887.4
1518994466000,10722
1519001666000,10539.1
1519008867000,10681.7
1519016067000,10679.8
1519023267000,10606.1
1519030467000,10888.4
1519037666000,11003.4
1519044867000,10983.6
1519052065000,11000.5
1519059268000,11229.6
1519066467000,11119.8
1519073667000,11247.5
1519080867000,11213.4
1519088067000,11440.6
1519095267000,11485.2
1519102467000,11570.2
1519109667000,11598.5
1519116867000,11492.9
1519124067000,11510.2
1519131268000,11593.4
1519138468000,11653.3
1519145669000,11707.3
1519152868000,11828.4
1519160067000,11881.5
1519167267000,11670.4
1519174469000,11278.2
1519181669000,11206.6
1519188868000,10987.9
1519196069000,11198.3
1519203266000,11167.6
1519210467000,11108.7
1519217666000,11177
1519225168000,10836.8
1519232368000,10662.6
1519239569000,10748.8
1519247069000,10587.8
1519254268000,10673.2
1519261468000,10667.9
1519268667000,10905.9
1519276468000,10964.7
1519283670000,10918.5
1519290868000,10616.5
1519298068000,10357.8
1519305267000,10109.5
1519312466000,10109.5
1519319669000,10051.6
1519326867000,10074.2
1519334067000,10262.8
1519341268000,10081.2
1519348467000,9756.66
1519355668000,9831.68
1519365267000,10007.2
1519372467000,9998.51
1519379667000,10261.9
1519386868000,10311.5
1519394067000,10325.9
1519401267000,10429.2
1519408468000,10228
1519415669000,10200.1
1519422867000,10097.8
1519430068000,10306.9
1519437268000,10424.7
1519444468000,10493.2
1519451668000,10551.8
1519458868000,10204.8
1519466066000,10223.7
1519473267000,9915.65
1519480469000,9785
1519487668000,9880.48
1519494867000,9791.22
1519502069000,9723.61
1519509264000,9615.42
1519516468000,9829.81
1519523669000,9860.91
1519530869000,9705.51
1519538068000,9782.97
1519545268000,9863.78
1519552469000,9684.12
1519559668000,9739.78
1519566869000,9552.37
1519574070000,9470.56
1519581267000,9495.73
1519588468000,9590.09
1519595667000,9673.31
1519602874000,9665.02
1519610069000,9753.5
1519617269000,9701.97
1519624468000,9692.31
1519631668000,9585.04
1519638867000,9598.07
1519646067000,9807.38
1519653268000,10207.2
1519660470000,10303.6
1519667669000,10262.7
1519674869000,10305.2
1519682067000,10455.3
1519689268000,10362.8
1519696468000,10277.4
1519703668000,10356.5
1519710865000,10379
1519718068000,10486.9
1519725267000,10778.9
1519732467000,10757.7
1519739666000,10850.5
1519746867000,10641.4
1519754068000,10663.2
1519761268000,10747
1519768468000,10782.4
1519775669000,10725.3
1519782869000,10734.4
1519790069000,10967.7
1519797269000,10975.6
1519804468000,10817.5
1519811669000,10662.1
1519818868000,10655.5
1519826068000,10557.3
1519833269000,10557.7
1519840468000,10538.4
1519847668000,10573.1
1519855471000,10643.6
1519862669000,10385
1519869870000,10452.8
1519877068000,10419.5
1519884269000,10464.5
1519891468000,10604
1519898667000,10652.9
1519905869000,10726.8
1519913067000,10806.2
1519920267000,10745
1519927468000,10844.6
1519934669000,10914.8
1519941869000,10936.1
1519949069000,10977.4
1519956270000,11187.9
1519963469000,11157.6
1519970667000,11088.5
1519977870000,11101.9
1519985069000,10961.3
1519992269000,10958.3
1519999468000,11016.6
1520007268000,10888.6
1520014469000,10939.1
1520021665000,10953.4
1520028868000,11072.9
1520036065000,11094.6
1520043265000,11240.6
1520050466000,11342.2
1520057666000,11374.5
1520064865000,11298.8
1520072066000,11357.6
1520079266000,11320.1
1520086466000,11484.6
1520093666000,11499.4
1520100866000,11514.3
1520108065000,11515
1520115266000,11365.8
1520122465000,11475.9
1520129666000,11411
1520136866000,11220.9
1520144065000,11244.2
1520151265000,11201.3
1520158466000,11275.7
1520165665000,11229.8
1520172865000,11217.2
1520180065000,11215.7
1520187265000,11168.4
1520194465000,11452.6
1520201666000,11432.2
1520208865000,11479.4
1520216066000,11488
1520224766000,11569.6
1520233466000,11542.2
1520240665000,11455.5
1520247866000,11486.8
1520255065000,11550.5
1520262273000,11510.2
1520269462000,11534.3
1520276669000,11677.8
1520283865000,11626.7
1520291065000,11617.3
1520298265000,11355.5
1520305466000,11314.9
1520312665000,11330.8
1520319865000,11339.8
1520327065000,11320.2
1520334266000,11030.3
1520341466000,10979.5
1520348665000,11049.1
1520355866000,11013.7
1520363067000,10787.9
1520370267000,10736.3
1520377766000,10834.9
1520384965000,10904.9
1520392166000,10830.3
1520399366000,10834.3
1520406566000,10572.2
1520413766000,10582.5
1520420966000,10551.2
1520428167000,10665.2
1520435366000,10735.1
1520442568000,10071.1
1520449768000,9821.4
1520456967000,9868.84
1520464163000,10015.8
1520471366000,10070.7
1520478566000,9732.71
1520485766000,9820.01
1520492966000,9845.16
1520500166000,9998.58
1520507366000,10072.2
1520514566000,9841.82
1520521767000,9871.41
1520528966000,9458.13
1520536166000,9449.61
1520543366000,9503.88
1520550564000,9393.65
1520557766000,9404.49
1520564965000,9075.9
1520572166000,8766.32
1520579365000,8882.64
1520586566000,8781.39
1520593766000,8833.72
1520600966000,9059
1520608166000,9168.33
1520615366000,8842.73
1520622566000,8958.88
1520629766000,9042.96
1520636966000,9258.48
1520644167000,9406.78
1520651366000,9354.76
1520658566000,9382.25
1520665767000,9478.75
1520672966000,9404.76
1520680165000,9390.33
1520687367000,9348.23
1520694566000,9488.15
1520701764000,9453.22
1520708965000,9142.12
1520716166000,8890.29
1520723366000,8883.13
1520730565000,8653.67
1520737766000,8787.14
1520744964000,8746.31
1520752165000,8859.75
1520759366000,8854.26
1520766566000,8775.12
1520773766000,9261.02
1520780965000,9261.08
1520788166000,9277.34
1520795366000,9638.19
1520802565000,9659.61
1520809766000,9562.72
1520816966000,9657.78
1520824165000,9628.79
1520831366000,9584.57
1520838566000,9648.98
1520845766000,9598.42
1520852966000,9899.13
1520860166000,9831.37
1520867366000,9352.11
1520874566000,9322.23
1520881766000,9259.18
1520888966000,9097.01
1520896166000,9195.9
1520903366000,9298.37
1520910567000,9165.32
1520917767000,9428.28
1520924965000,9394.98
1520932167000,9239.57
1520939366000,9039.12
1520946566000,9102.35
1520953767000,9154.18
1520960966000,9281.06
1520968166000,9188.38
1520975366000,9141.79
1520982565000,9222.25
1520989767000,9329.12
1520996966000,9287.49
1521004166000,9174.98
1521011365000,9205.63
1521018565000,9160.51
1521025765000,8821.64
1521032966000,8760.34
1521040166000,8793.56
1521047367000,8448.53
1521054566000,8348.93
1521061766000,8344.9
1521068965000,8269.04
1521076167000,8174.9
1521083367000,7916.08
1521090566000,7962.6
1521097767000,7953
1521104966000,8234.22
1521112166000,8213.11
1521119367000,8269.66
1521126566000,8221.56
1521133765000,8140.49
1521140964000,8210.39
1521148167000,8284.09
1521155366000,8344.28
1521162566000,8127.21
1521169766000,8151.56
1521176967000,8226.28
1521184166000,8247.13
1521191366000,8207.52
1521198566000,8149.8
1521205766000,8222.7
1521212967000,8499.39
1521220167000,8543.31
1521227366000,8535.51
1521234567000,8532.36
1521241766000,8519.6
1521248966000,8320.68
1521256165000,8254.38
1521263366000,8222.32
1521270566000,8244.38
1521277766000,8346.5
1521284966000,8279.48
1521292165000,8095.37
1521299365000,7998.98
1521306566000,7946.96
1521313766000,7832.65
1521320966000,7894.32
1521328165000,8011.6
1521335366000,7773.52
1521342566000,7670.41
1521349766000,7615.84
1521356964000,7761.76
1521364166000,7797.28
1521371366000,7629.18
1521378566000,7737.5
1521385766000,7485.91
1521392967000,7421.34
1521400167000,7469.48
1521407367000,7747.16
1521414567000,8197.46
1521421768000,8292.94
1521428967000,8234.05
1521436166000,8232.93
1521443367000,8310.34
1521450566000,8346.69
1521457767000,8282.53
1521464966000,8301.72
1521472166000,8606.66
1521479366000,8423.25
1521486566000,8370.65
1521493767000,8481.28
1521500967000,8538.79
1521507866000,8569.06
1521515066000,8624.6
1521522266000,8499.6
1521529466000,8539.73
1521536666000,8430.56
1521543865000,8519.42
1521551066000,8608.55
1521558266000,8568.59
1521565467000,8846.8
1521572667000,8859.88
1521579866000,8941.04
1521587066000,8979.27
1521594266000,8981.36
1521601166000,8987.96
1521608366000,9134.55
1521615567000,9122.52
1521623066000,9013.69
1521630267000,9107.62
1521637468000,9064.3
1521644668000,9106.37
1521651866000,8931.42
1521659066000,8936.13
1521666267000,8914.67
1521673467000,8887.51
1521680667000,9052.65
1521687865000,9089.91
1521695066000,9049.04
1521702265000,9037.6
1521709467000,9022.18
1521716666000,8775.51
1521723866000,8750.95
1521731067000,8564.9
1521738267000,8645.9
1521745467000,8695.83
1521752667000,8634.51
1521759867000,8716.16
1521767067000,8691.95
1521774267000,8453.59
1521781466000,8438.27
1521788666000,8432.81
1521795866000,8515.89
1521803066000,8515.73
1521810265000,8381.13
1521817466000,8609.3
1521824967000,8682.16
1521832167000,8671.86
1521839366000,8666.48
1521846566000,8695.47
1521853767000,8954.88
1521860968000,8931.48
1521868167000,8989.3
1521875367000,8944.02
1521882566000,8923.43
1521889765000,8802.77
1521896965000,8911.63
1521904166000,8991.15
1521911368000,8943.29
1521918567000,8939.38
1521925766000,8961.11
1521932966000,8682.95
1521940166000,8588.75
1521947367000,8530.34
1521954567000,8587.72
1521961767000,8566.46
1521968966000,8570.43
1521976168000,8509.79
1521983367000,8536.02
1521990566000,8600.28
1521997766000,8573.52
1522004967000,8664.68
1522012167000,8649.4
1522019366000,8480.72
1522026567000,8449.28
1522033767000,8493.06
1522040967000,8496.56
1522048166000,8484.43
1522055367000,8430.54
1522062566000,8277.71
1522069767000,8180.11
1522076967000,8144.64
1522084167000,8116.73
1522091286000,7927.68
1522097969000,7941.9
1522105167000,8213.53
1522112366000,8232.78
1522119567000,7926.15
1522126766000,7825.88
1522133967000,7998.25
1522141166000,7991.56
1522148367000,8025.86
1522155567000,7973.22
1522162764000,8103.83
1522169967000,8132.57
1522177167000,7926.33
1522183168000,7948.21
1522190367000,7997.17
1522197567000,7823.85
1522204767000,7842.22
1522211966000,7887.17
1522219167000,7925.07
1522226367000,7941.18
1522233566000,8101.07
1522240766000,8043.53
1522247967000,7951.84
1522255166000,7941.71
1522262367000,7951.85
1522269567000,7960.29
1522276767000,8005.12
1522283967000,7963.28
1522291168000,7916.36
1522298366000,7754.38
1522305568000,7645.4
1522312767000,7584.93
1522319967000,7530.84
1522327168000,7542.32
1522334367000,7405.96
1522341568000,7571.74
1522348168000,7480.05
1522355367000,7339.63
1522362568000,7310.04
1522369768000,7115.54
1522376969000,6879.05
1522384168000,6742.59
1522391367000,7169.01
1522398567000,7227.24
1522405768000,7118.51
1522412968000,7025.99
1522420468000,6928.39
1522427667000,6858.26
1522434867000,6730.86
1522442067000,6834.03
1522449267000,6868.65
1522456467000,7009.49
1522463667000,7078.66
1522470868000,7079.23
1522478068000,6952.4
1522485266000,6967.65
1522492467000,7119.74
1522499668000,7139.58
1522506867000,7038.44
1522514066000,7141.97
1522521266000,7127.97
1522528468000,6968.74
1522535667000,6974.01
1522542867000,7047.65
1522550068000,7019.91
1522557267000,6996.12
1522564467000,6890.51
1522571667000,6764.39
1522578866000,6734.08
1522586067000,6750.17
1522593267000,6544.68
1522600467000,6824.19
1522607667000,6824.88
1522614865000,6959.58
1522622067000,6821.3
1522629267000,6820.28
1522636467000,6969.46
1522643667000,6982.27
1522650867000,6961.88
1522658067000,7072.35
1522665267000,7071.7
1522672468000,7042.34
1522679667000,6962.42
1522686867000,7067.23
1522694067000,7014.1
1522701267000,6970.76
1522708467000,7071.09
1522715668000,7106.51
1522722867000,7111
1522730067000,7302.55
1522737267000,7384.11
1522744467000,7429.03
1522751666000,7393.62
1522758867000,7391.77
1522766067000,7362.64
1522773268000,7461.32
1522780468000,7462.11
1522787667000,7511.35
1522794868000,7435.41
1522802068000,7458.64
1522809268000,7351.64
1522816467000,7327.34
1522823667000,7400.59
1522830867000,7372.08
1522838067000,7162.16
1522845268000,7087.2
1522852468000,6929.34
1522859667000,6906.82
1522866869000,6830.9
1522874067000,6913.5
1522881267000,6850.52
1522888467000,6849.5
1522895668000,6666.66
1522902867000,6866.48
1522910067000,6852.96
1522917265000,6861.01
1522924467000,6804.7
1522931666000,6716.35
1522938866000,6889.62
1522946067000,6715.06
1522953264000,6776.41
1522960465000,6797.98
1522967665000,6799.91
1522974867000,6849.19
1522982067000,6806.21
1522989268000,6800.53
1522996466000,6622.59
1523003666000,6624.95
1523010867000,6613.08
1523018067000,6609.55
1523025268000,6645.75
1523032468000,6628.03
1523039667000,6646.38
1523046867000,6627.74
1523054067000,6632.02
1523061267000,6635.12
1523068467000,6847.96
1523075667000,6853.59
1523082868000,6878.73
1523090067000,6925.47
1523097267000,6880.08
1523104467000,6881.12
1523111666000,6879.21
1523118866000,7049.77
1523126067000,7005
1523133266000,7012.2
1523140466000,6989.15
1523147667000,6970.68
1523154866000,6963.99
1523162066000,6995.12
1523169266000,6961.6
1523176767000,6959.62
1523183966000,7019.1
1523191167000,7108.45
1523198367000,7065.38
1523205565000,7016.22
1523213067000,7020.11
1523220267000,7002.79
1523227467000,7039.13
1523234668000,7076.82
1523241867000,7160.87
1523249066000,7155.54
1523256265000,7127.61
1523263467000,7160.17
1523270666000,6854.5
1523277867000,6763.71
1523285073000,6742.83
1523292267000,6752.85
1523299473000,6771.25
1523306667000,6679.91
1523313867000,6730.67
1523321067000,6779.76
1523328267000,6770.43
1523335467000,6785.71
1523342668000,6768.27
1523349867000,6716.09
1523357067000,6733.29
1523364268000,6757.75
1523371467000,6769.33
1523378668000,6823.92
1523385869000,6847.95
1523393069000,6835.5
1523400268000,6871.53
1523407468000,6852.25
1523414668000,6851.44
1523421869000,6839.03
1523429068000,6838.32
1523436269000,6855.92
1523443475000,6850.15
1523450674000,6854.57
1523457875000,6950.45
1523465075000,6930.62
1523472273000,6904.22
1523479474000,6900.23
1523486674000,6928.89
1523493874000,6957.99
1523501074000,6948.95
1523508274000,6959.99
1523515475000,6935.25
1523522673000,6846.62
1523529874000,6869.43
1523537074000,7670.69
1523544274000,7642.87
1523551475000,7605
1523558674000,7646.89
1523565875000,7691.31
1523573074000,7794.4
1523580275000,7844.04
1523587475000,7810.63
1523594674000,7799.14
1523601874000,7811.52
1523609074000,8087.43
1523616274000,8049.77
1523623475000,8139.39
1523630674000,8070.95
1523637874000,8099.94
1523645075000,8079.45
1523652274000,7966.05
1523659474000,7815.39
1523666675000,7865.97
1523673875000,8056.14
1523681074000,8007.33
1523688274000,7997.87
1523695474000,8104.29
1523702673000,8001.25
1523709875000,7898.07
1523717074000,7935.83
1523724273000,7967.16
1523731473000,7964.41
1523738674000,8038.17
1523745873000,8045.48
1523753074000,8067.5
1523760274000,8076.45
1523767474000,8083.23
1523774674000,8084.97
1523781873000,8086.15
1523789073000,8103.49
1523796273000,8302.87
1523803474000,8310.14
1523810673000,8262.93
1523817874000,8302.49
1523825073000,8288.36
1523832273000,8305.75
1523839473000,8362.63
1523846672000,8164.5
1523853874000,8139.23
1523861073000,8087.65
1523868273000,8120.39
1523875474000,8104.42
1523882674000,8036.71
1523889874000,7965.84
1523897075000,7965.98
1523904275000,8024.69
1523911474000,7996.31
1523918673000,8014.23
1523925874000,8054.72
1523933073000,7995.38
1523940273000,8017.2
1523947474000,8019.1
1523954674000,8131.27
1523961874000,8095.79
1523969074000,8133.37
1523976274000,8087.38
1523983474000,8095.84
1523990673000,8078.02
1523997874000,7931.74
1524005072000,7923.06
1524012274000,7932.33
1524019468000,7963
1524026669000,7945.85
1524033873000,7929.52
1524041072000,8087.23
1524048272000,8083.52
1524055471000,8079.83
1524062674000,8084.41
1524069872000,8022.31
1524077072000,8115.58
1524084272000,8183.34
1524091474000,8150.48
1524098670000,8143.15
1524105871000,8187.74
1524113072000,8165.36
1524120272000,8198.12
1524127471000,8193.51
1524134671000,8241.62
1524141872000,8232.46
1524149071000,8243.56
1524156273000,8252.75
1524163472000,8258.96
1524170672000,8242.72
1524177872000,8294.48
1524185073000,8355.6
1524192273000,8353.07
1524199473000,8292.28
1524206673000,8298.37
1524213872000,8332.95
1524221073000,8452.29
1524228273000,8531.82
1524235473000,8498.64
1524242674000,8500.07
1524249873000,8512.38
1524257074000,8513.68
1524264273000,8731.33
1524271474000,8841.71
1524278674000,8857.65
1524285873000,8856.58
1524293072000,8913.69
1524300272000,8824
1524307472000,8740.92
1524314673000,8744.47
1524321872000,8758.71
1524329072000,8813.6
1524336272000,8789.88
1524343471000,8759.21
1524350674000,8808.33
1524357872000,8855.37
1524365073000,8851
1524372274000,8835.89
1524379474000,8862.32
1524386669000,8911.45
1524393869000,8934.24
1524401069000,8869.68
1524408269000,8942.46
1524415469000,8888.63
1524422669000,8943.27
1524429872000,8907.28
1524437072000,8869.08
1524444272000,8815.82
1524451472000,8858.44
1524458682000,8850.21
1524465869000,8875.24
1524473070000,8915.21
1524480269000,8925.54
1524487470000,8946.16
1524494670000,8887.09
1524501873000,8932.03
1524509071000,8903.14
1524516271000,8885.48
1524523471000,8929.92
1524530671000,9126.79
1524537872000,9163.89
1524545072000,9210.95
1524552272000,9234.58
1524559478000,9251.66
1524566671000,9300.19
1524573873000,9321.18
1524581075000,9290.88
1524588276000,9329.02
1524595476000,9379.83
1524602675000,9414.82
1524609876000,9546.67
1524617077000,9543.38
1524624277000,9742.56
1524631477000,9369.33
1524638677000,9454.83
1524645876000,9435.55
1524653076000,9149.8
1524660279000,9134.46
1524667480000,8855.09
1524674679000,8898.76
1524681878000,9030.88
1524689075000,9101.3
1524696273000,9105.02
1524703475000,8758.09
1524710676000,8856.14
1524717873000,8897.53
1524725075000,8850.36
1524732274000,8759.73
1524739474000,8875.64
1524746674000,8927.19
1524753873000,8810.46
1524761071000,8877.38
1524768276000,8883.48
1524775475000,9082.8
1524782675000,9153.61
1524789874000,9242
1524797075000,9268.34
1524804274000,9211.38
1524811475000,9249.35
1524818674000,9268.29
1524825874000,9372.02
1524833076000,9336.69
1524840275000,9246.66
1524847477000,9280.66
1524854674000,9249.39
1524861876000,9058.57
1524869074000,9086.15
1524876274000,9023.04
1524883476000,9123.38
1524890675000,9155.72
1524897874000,9190.92
1524905074000,9271.68
1524912275000,9273.53
1524919475000,9363.68
1524926675000,9347.32
1524933872000,9320.6
1524941073000,9369.83
1524948273000,9395.99
1524955472000,9335.82
1524962673000,9405.29
1524969872000,9458.26
1524977075000,9472.94
1524984276000,9453.23
1524991476000,9396.77
1524998675000,9247.66
1525005875000,9231.89
1525013075000,9339.93
1525020274000,9327.96
1525027474000,9337.7
1525034674000,9322.04
1525041876000,9410.82
1525049074000,9390.42
1525056274000,9425.76
1525063474000,9315.04
1525070675000,9328.38
1525077874000,9187.92
1525085075000,9255.82
1525092274000,9316.01
1525099475000,9273.15
1525106672000,9310.51
1525113871000,9370.99
1525121071000,9330.42
1525128272000,9277.23
1525135472000,9122.54
1525142671000,9019.69
1525149871000,9009.16
1525157070000,8981.18
1525164270000,9055.27
1525171470000,9058.8
1525178670000,8891.05
1525185871000,8947.47
1525193073000,8983.78
1525200272000,9014.03
1525207472000,9058.35
1525214671000,9100.24
1525221872000,9099.36
1525229073000,9055.03
1525236272000,9108.54
1525243471000,9117.86
1525250670000,9154.22
1525257873000,9204.2
1525265072000,9170.06
1525272271000,9122.79
1525279472000,9148.35
1525286672000,9133.65
1525293872000,9129.18
1525301072000,9234.35
1525308273000,9217.8
1525315474000,9239.07
1525322672000,9275.79
1525329872000,9206.15
1525337071000,9216.55
1525344271000,9218.61
1525351471000,9268.65
1525358671000,9418.15
1525365872000,9432.91
1525373073000,9632.79
1525380272000,9619.99
1525387472000,9655.7
1525394672000,9585.96
1525401872000,9645.69
1525409072000,9624.28
1525416273000,9636.28
1525423471000,9754.28
1525430672000,9708.61
1525437871000,9730.99
1525445072000,9663.55
1525452273000,9640.12
1525459473000,9626.11
1525466672000,9669.06
1525473872000,9718.67
1525481072000,9730.89
1525488272000,9792.57
1525495471000,9837.45
1525502672000,9797.09
1525509872000,9829.95
1525517073000,9921.62
1525524273000,9943.26
1525531471000,9926.2
1525538672000,9917.3
1525545872000,9863.2
1525553069000,9795.09
1525560270000,9833.21
1525567472000,9908.04
1525574672000,9878.85
1525581873000,9880.12
1525589072000,9605.18
1525596272000,9626.34
1525603471000,9616.19
1525610671000,9534.18
1525617870000,9568.72
1525625072000,9583.74
1525632271000,9588.66
1525639471000,9563.27
1525646673000,9644.08
1525653871000,9614.77
1525661072000,9358.6
1525668271000,9368.33
1525675471000,9370.32
1525682671000,9372.39
1525689872000,9317.29
1525697072000,9342.52
1525704271000,9310.64
1525711470000,9363.25
1525718671000,9386.38
1525725871000,9420.85
1525733072000,9349.14
1525740271000,9410.66
1525747471000,9453.32
1525754671000,9427.66
1525761873000,9363.69
1525769071000,9399.51
1525776272000,9314.23
1525783471000,9153.71
1525790670000,9166.16
1525797871000,9180.55
1525805070000,9241.06
1525812271000,9232.53
1525819472000,9247.26
1525826670000,9192.88
1525833869000,9132.41
1525841072000,9059.93
1525848273000,9093.49
1525855471000,9137.26
1525862670000,9135.75
1525869871000,9296.49
1525877071000,9293.67
1525884272000,9318.33
1525891471000,9326.85
1525898671000,9317.37
1525905872000,9346.88
1525913073000,9368.89
1525920272000,9331.58
1525927471000,9372.41
1525934672000,9307.58
1525941871000,9371.72
1525949071000,9370.84
1525956272000,9339.27
1525963471000,9352.58
1525970672000,9364.73
1525977871000,9147.67
1525985071000,9124.71
1525992272000,9111.41
1525999473000,8930.19
1526006672000,8984.87
1526013872000,8969.75
1526021073000,8948.05
1526028272000,8841.03
1526035472000,8770.33
1526042672000,8575.29
1526049872000,8638.84
1526057071000,8614.95
1526064272000,8623.65
1526071473000,8545.6
1526078672000,8453.68
1526085872000,8488.81
1526093072000,8481.27
1526100271000,8442.08
1526107473000,8257.69
1526114673000,8313.51
1526121872000,8553.18
1526129072000,8598.38
1526136271000,8508.4
1526143473000,8368.25
1526150672000,8384.24
1526157872000,8497.04
1526165071000,8490.92
1526172271000,8516.65
1526179471000,8433.83
1526186672000,8451.11
1526193872000,8512.14
1526201072000,8462.39
1526208272000,8587.23
1526215471000,8630.33
1526222672000,8634.62
1526229871000,8704.53
1526237072000,8654.54
1526244271000,8712.81
1526251471000,8752.62
1526258672000,8689.7
1526265872000,8669.93
1526273072000,8406.89
1526280272000,8432.5
1526287472000,8457.63
1526294671000,8453.58
1526301871000,8451.9
1526309072000,8782.04
1526316272000,8808.17
1526323473000,8769.89
1526330673000,8858.51
1526337872000,8688.83
1526345071000,8744.14
1526352272000,8707.17
1526359472000,8742.87
1526366672000,8783.07
1526373872000,8703.02
1526381072000,8796.78
1526388272000,8781.96
1526395472000,8585.94
1526402672000,8582.5
1526409872000,8523.77
1526417072000,8546.86
1526424271000,8519.34
1526431472000,8495.66
1526438672000,8191.67
1526445873000,8260.17
1526453073000,8253.55
1526460272000,8260.9
1526467473000,8409.02
1526474672000,8395.7
1526481870000,8237.06
1526489072000,8275.14
1526496271000,8348.5
1526503473000,8308.19
1526510672000,8339.97
1526517871000,8373.67
1526525070000,8398.25
1526532272000,8394.05
1526539471000,8386.58
1526546671000,8292.01
1526553872000,8317.78
1526561072000,8314.49
1526568272000,8358.04
1526575472000,8292.02
1526582672000,8266.29
1526589872000,8233.32
1526597072000,8107.08
1526604273000,8045.48
1526611472000,8028.35
1526618672000,8069.33
1526625871000,8053.47
1526633071000,8124.79
1526640272000,8151.76
1526647472000,8131.07
1526654672000,8095.3
1526661870000,8129.09
1526669072000,8142.62
1526676272000,8238.23
1526683471000,8244.23
1526690672000,8247.42
1526697873000,8218.52
1526705073000,8247.18
1526712272000,8252.29
1526719472000,8208.52
1526726671000,8253.09
1526733872000,8352.39
1526741072000,8331.86
1526748272000,8306.69
1526755472000,8327.47
1526762672000,8310.33
1526769872000,8235.81
1526777072000,8235.25
1526784272000,8243.71
1526791472000,8276.75
1526798672000,8278.64
1526805872000,8294.77
1526813072000,8353.79
1526820272000,8330.79
1526827473000,8356.83
1526834672000,8497.06
1526841872000,8527.2
1526849072000,8532.88
1526856273000,8493.2
1526863472000,8500.34
1526870672000,8507.55
1526877872000,8513.01
1526885072000,8490.65
1526892272000,8507.68
1526899471000,8489.59
1526906672000,8503.03
1526913873000,8424.36
1526921072000,8405.85
1526928272000,8381.13
1526935474000,8433.33
1526942673000,8395.48
1526949872000,8411.67
1526957073000,8331.42
1526964272000,8318.87
1526971473000,8356.74
1526978672000,8336.55
1526985872000,8282.34
1526993073000,8200.01
1527000273000,8267.57
1527007472000,8259.59
1527014674000,8232.37
1527021873000,8221.54
1527029073000,8084.37
1527036273000,8052.32
1527043474000,7938.17
1527050672000,7936.13
1527057872000,7966.98
1527065073000,7864.66
1527072273000,7917.03
1527079473000,7903.05
1527086672000,7908.78
1527093874000,7653.8
1527101073000,7574.11
1527108273000,7618.28
1527115473000,7594.53
1527122673000,7610.1
1527129873000,7602.01
1527137072000,7735.42
1527144272000,7675.02
1527151473000,7425.44
1527158673000,7400.03
1527165873000,7335.32
1527173074000,7555.26
1527180273000,7534.57
1527187473000,7577.57
1527194673000,7551.46
1527201873000,7596.7
1527209073000,7569.7
1527216275000,7641.15
1527223473000,7622.43
1527230673000,7645.47
1527237874000,7460.67
1527245072000,7457.68
1527252273000,7527.44
1527259473000,7520.43
1527266672000,7508.06
1527273873000,7453.73
1527281073000,7473.24
1527288274000,7427.12
1527295473000,7464.97
1527302672000,7447.61
1527309873000,7437.48
1527317072000,7452.66
1527324272000,7557.91
1527331471000,7542.58
1527338673000,7530.17
1527345872000,7549.33
1527353073000,7526.16
1527360272000,7546.08
1527367472000,7542.7
1527374673000,7433.45
1527381871000,7289.85
1527389071000,7326.32
1527396273000,7328.88
1527403472000,7320.96
1527410671000,7308.63
1527417871000,7348.91
1527425072000,7336.28
1527432273000,7335.13
1527439473000,7367.52
1527446672000,7327.57
1527453873000,7346.89
1527461072000,7358.84
1527468273000,7374.26
1527475473000,7380.01
1527482674000,7383.12
1527489874000,7215.05
1527497072000,7239.53
1527504272000,7242.67
1527511474000,7253.93
1527518673000,7295.35
1527525873000,7252.25
1527533072000,7245.35
1527540274000,7256.16
1527547473000,7114.43
1527554673000,7139.34
1527561873000,7109.44
1527569073000,7152.63
1527576273000,7142.12
1527583468000,7145.76
1527590673000,7170.82
1527597874000,7415.22
1527605076000,7444.31
1527612272000,7445.4
1527619473000,7511.07
1527626675000,7524.54
1527633869000,7483.66
1527641073000,7497.78
1527648273000,7537.71
1527655473000,7497.95
1527662672000,7510.56
1527669867000,7478.15
1527677072000,7519.34
1527684274000,7552.17
1527691475000,7516.18
1527698675000,7355.75
1527705872000,7334.57
1527713073000,7366.74
1527720274000,7375.21
1527727472000,7381.91
1527734672000,7371.05
1527741871000,7419.34
1527749072000,7582.04
1527756272000,7542.63
1527763470000,7547.3
1527770667000,7566.99
1527777869000,7546.73
1527785068000,7556.37
1527792272000,7579.28
1527799473000,7573.65
1527806667000,7460.56
1527813876000,7524.27
1527821073000,7515.83
1527828274000,7503.95
1527835473000,7550.87
1527842674000,7589.91
1527849873000,7553.75
1527857066000,7407.34
1527864275000,7447.2
1527871475000,7444.13
1527878675000,7428.42
1527885877000,7441.88
1527893075000,7532.65
1527900275000,7523.9
1527907473000,7514.11
1527914674000,7503.04
1527921874000,7512.38
1527929073000,7674.4
1527936271000,7659.62
1527943475000,7638.4
1527950674000,7650.47
1527957868000,7628.5
1527965073000,7649.82
1527972274000,7647.97
1527979470000,7634.54
1527986675000,7647.11
1527993875000,7646.48
1528001074000,7645.44
1528008273000,7676.33
1528015474000,7734.82
1528022673000,7733.48
1528029873000,7725.54
1528037072000,7712.73
1528044275000,7736.9
1528051474000,7704.59
1528058674000,7717.66
1528065871000,7715.65
1528074873000,7729.64
1528082072000,7691.33
1528089274000,7712.93
1528096474000,7609.6
1528103672000,7611.03
1528110873000,7580.1
1528118073000,7540.17
1528125276000,7517.23
1528132476000,7487.63
1528139673000,7502.37
1528146872000,7538.49
1528154073000,7508.01
1528161269000,7515.37
1528168474000,7407.6
1528175673000,7402.06
1528182875000,7435.1
1528190073000,7463.32
1528197276000,7456.52
1528204475000,7439.37
1528211675000,7432.14
1528218874000,7590.97
1528226074000,7627.48
1528233273000,7636.04
1528240472000,7633.27
1528247675000,7614.43
1528254874000,7620.16
1528262075000,7600.83
1528269274000,7635.3
1528276473000,7611.02
1528283672000,7626.29
1528290875000,7649.25
1528298074000,7632.39
1528305275000,7530.36
1528312474000,7530.93
1528319674000,7628.22
1528326873000,7653.16
1528334074000,7726.26
1528341273000,7720.22
1528348473000,7704.84
1528355673000,7713.85
1528362873000,7699.36
1528370074000,7713.85
1528377274000,7714.89
1528384475000,7688.25
1528391673000,7697.88
1528398875000,7691.6
1528406073000,7662.46
1528413273000,7666.29
1528420475000,7692.67
1528427675000,7661.14
1528434876000,7636.81
1528442073000,7649.43
1528449274000,7634.5
1528456474000,7564.58
1528463675000,7577.68
1528470874000,7588.19
1528478074000,7655.49
1528485274000,7636.48
1528492476000,7654.4
1528499674000,7650.67
1528506875000,7638.91
1528514074000,7678.87
1528521273000,7671.57
1528528475000,7671.96
1528535673000,7643.97
1528542874000,7654.77
1528550074000,7619.56
1528557274000,7613.99
1528564474000,7594.66
1528571674000,7610.66
1528578875000,7629.85
1528586074000,7609.95
1528593274000,7334.3
1528600475000,7352.81
1528607674000,7330.57
1528614872000,7321.95
1528622074000,7249.62
1528629274000,7258.45
1528636475000,7267.01
1528643671000,7266.15
1528650875000,7173.46
1528658073000,6805.25
1528665273000,6778.46
1528672474000,6709.07
1528679673000,6748.71
1528686871000,6808.75
1528694073000,6815.87
1528701272000,6790.11
1528708475000,6817.62
1528715673000,6792.84
1528722869000,6796.82
1528730070000,6744.56
1528737274000,6760.16
1528744475000,6779
1528751673000,6797.27
1528758871000,6827.08
1528766074000,6885.93
1528773273000,6895.3
1528780473000,6869.06
1528787668000,6868.71
1528794873000,6888.71
1528802073000,6878.95
1528809273000,6774.19
1528816472000,6791.97
1528823673000,6770.26
1528830872000,6650.75
1528838072000,6572.01
1528845273000,6567.9
1528852472000,6586.1
1528859666000,6572.38
1528866873000,6631.66
1528874072000,6605.26
1528881272000,6567.05
1528888473000,6464.48
1528895674000,6516.84
1528902873000,6477.48
1528910074000,6316.97
1528917274000,6367.45
1528924473000,6312.59
1528931674000,6360.87
1528938873000,6345.54
1528946071000,6511.13
1528953273000,6492.92
1528960472000,6513.81
1528967673000,6525.11
1528974872000,6528.58
1528982070000,6480.52
1528989272000,6462.01
1528996471000,6582.76
1529003675000,6671.12
1529010874000,6691.6
1529018067000,6663.74
1529025274000,6650.07
1529032473000,6625.37
1529039671000,6591.17
1529046875000,6630.51
1529054073000,6625.42
1529061273000,6646.51
1529068473000,6538.33
1529075674000,6563.08
1529082873000,6585.26
1529090072000,6587.16
1529097276000,6530.3
1529104471000,6444.59
1529111674000,6450.16
1529118875000,6488.18
1529126073000,6482.72
1529133273000,6510.01
1529140472000,6507.32
1529147674000,6504.51
1529154874000,6476.73
1529159974000,6453.83